task name,clean_success,random_success
adjust_bottle,100,99
beat_block_hammer,100,97
blocks_ranking_rgb,100,98
blocks_ranking_size,81,79
click_alarmclock,95,99
click_bell,100,100
dump_bin_bigbin,97,95
grab_roller,100,99
handover_block,99,94
handover_mic,91,94
lift_pot,100,100
move_can_pot,100,99
move_playingcard_away,100,100
move_stapler_pad,97,96
hanging_mug,49,55
open_laptop,99,99
open_microwave,94,84
pick_diverse_bottles,82,84
pick_dual_bottles,96,97
place_a2b_left,99,97
place_a2b_right,98,98
place_bread_basket,92,97
place_bread_skillet,94,89
place_can_basket,82,79
place_cans_plasticbox,99,99
place_container_plate,98,97
place_dual_shoes,95,97
place_empty_cup,100,100
place_fan,96,90
place_burger_fries,97,96
place_mouse_pad,99,100
place_object_basket,92,92
place_object_scale,98,98
place_object_stand,98,96
place_phone_stand,89,97
move_pillbottle_pad,98,99
place_shoe,99,100
press_stapler,94,92
put_bottles_dustbin,91,95
put_object_cabinet,89,88
rotate_qrcode,94,94
scan_object,95,98
shake_bottle,100,99
shake_bottle_horizontally,100,100
stack_blocks_three,97,99
stack_blocks_two,100,100
stack_bowls_three,84,84
stack_bowls_two,99,97
stamp_seal,96,96
turn_switch,67,64
avg,94.18,93.90
